<?xml version="1.0" encoding="UTF-8"?>
<project-private xmlns="http://www.netbeans.org/ns/project-private/1">
    <editor-bookmarks xmlns="http://www.netbeans.org/ns/editor-bookmarks/2" lastBookmarkId="0"/>
    <open-files xmlns="http://www.netbeans.org/ns/projectui-open-files/2">
        <group>
            <file>file:/home/cesar-rodriguez/NetBeansProjects/ProyectoISW-main/Proyecto/src/proyecto/ConsultaExpediente.java</file>
            <file>file:/home/cesar-rodriguez/NetBeansProjects/ProyectoISW-main/Proyecto/src/proyecto/EditarExpediente.java</file>
            <file>file:/home/cesar-rodriguez/NetBeansProjects/ProyectoISW-main/Proyecto/src/proyecto/CuotasMantenimiento.java</file>
            <file>file:/home/cesar-rodriguez/NetBeansProjects/ProyectoISW-main/Proyecto/src/proyecto/MenuControlMantenimiento.java</file>
        </group>
    </open-files>
</project-private>
